loss,auc,f1,accuracy
0.45023399591445923,0.8434861302375793,0.7769201948295241,0.8470588235294118
