loss,auc,f1,accuracy
0.6437841057777405,0.740382969379425,0.6162807630697539,0.7301587301587301
