loss,auc,f1,accuracy
0.6036640405654907,0.7355678081512451,0.6375180375180375,0.746031746031746
