loss,auc,f1,accuracy
0.6881949305534363,0.7045855522155762,0.6216931216931217,0.7142857142857143
