loss,auc,f1,accuracy
0.5852939486503601,0.733555018901825,0.6162807630697539,0.7301587301587301
