loss,auc,f1,accuracy
0.5833320617675781,0.7335460186004639,0.6162807630697539,0.7301587301587301
