loss,auc,f1,accuracy
0.6260791420936584,0.7203474044799805,0.5916162489196197,0.7115384615384616
