loss,auc,f1,accuracy
0.6306838989257812,0.7197971343994141,0.6162807630697539,0.7301587301587301
