loss,auc,f1,accuracy
0.6538815498352051,0.7315164804458618,0.6162807630697539,0.7301587301587301
