loss,auc,f1,accuracy
0.6852566599845886,0.6240010261535645,0.5233208176887777,0.6588235294117647
