loss,auc,f1,accuracy
0.6948032975196838,0.43879133462905884,0.21535022354694486,0.38636363636363635
