loss,auc,f1,accuracy
0.6916543245315552,0.5486721992492676,0.38135130797624783,0.5422885572139303
