loss,auc,f1,accuracy
0.6559137105941772,0.6205786466598511,0.5675716900549115,0.6931818181818182
