loss,auc,f1,accuracy
0.6897817850112915,0.5526077747344971,0.41558441558441556,0.5714285714285714
