loss,auc,f1,accuracy
0.679722249507904,0.5534416437149048,0.45567913717559827,0.6046511627906976
