loss,auc,f1,accuracy
0.6906739473342896,0.5524942278862,0.378592694377648,0.539906103286385
