loss,auc,f1,accuracy
0.6251516938209534,0.7344468832015991,0.6342383107088989,0.7435897435897436
