loss,auc,f1,accuracy
0.6413407921791077,0.7310092449188232,0.6342383107088989,0.7435897435897436
