loss,auc,f1,accuracy
0.5704810619354248,0.7362686395645142,0.6375180375180375,0.746031746031746
