loss,auc,f1,accuracy
0.653602659702301,0.737777590751648,0.6170940170940171,0.7307692307692307
