loss,auc,f1,accuracy
0.5680983662605286,0.7460317611694336,0.6375180375180375,0.746031746031746
