loss,auc,f1,accuracy
0.42464926838874817,0.8849982023239136,0.801653666877474,0.8644859813084113
