loss,auc,f1,accuracy
0.6744979619979858,0.6144888997077942,0.4560303893637227,0.6049382716049383
