loss,auc,f1,accuracy
0.6941941380500793,0.490985631942749,0.266304347826087,0.4375
