loss,auc,f1,accuracy
0.686445415019989,0.5593146681785583,0.41558441558441556,0.5714285714285714
