train_loss,val_loss,train_auc,val_auc,train_f1,val_f1,train_accuracy,val_accuracy,test_loss,test_auc,test_f1,test_accuracy,task,backbone,pretrain,clf,fold,structure,lr,batchsize,dropprob,fcsizeratio,numfilters,kernelsize,epochs,imagesize,lrdecay,lrbeta
0.32621368808684,0.2698773634589575,0.9657650920270888,0.9688581314878892,0.9154113557358052,0.9146341463414634,0.9045751633986928,0.9084967320261438,0.2152333100443904,0.97816091954023,0.925925925925926,0.9223300970873788,acl,ResNet50,RadImageNet,ConvSkip,full,unfreezetop2,0.0001,64,0.5,1.0,16,2,10,256,cosine,0.5
0.2780121551619636,0.4734231198535246,0.975175536997798,0.9626297577854672,0.9150174621653084,0.8903225806451613,0.9045751633986928,0.8888888888888888,0.5477301079092673,0.9613026819923371,0.8627450980392157,0.8640776699029126,acl,ResNet50,RadImageNet,ConvSkip,full,unfreezetop1,0.0001,64,0.5,1.0,16,2,10,256,cosine,0.5
0.4204111453364877,0.3904535595108481,0.948135222346864,0.9439446366782006,0.8852071005917159,0.88,0.873202614379085,0.8627450980392157,0.376767157350929,0.9367816091954024,0.8717948717948718,0.8543689320388349,acl,ResNet50,RadImageNet,ConvSkip,full,freezeall,0.0001,64,0.5,1.0,16,2,10,256,cosine,0.5
0.3231139679240365,0.7837466133965386,0.983221178074882,0.9516129032258064,0.8862973760932945,0.7741935483870968,0.9333333333333332,0.8803418803418803,0.9203435824467584,0.9490392648287383,0.7777777777777778,0.8974358974358975,breast,ResNet50,ImageNet,ConvSkip,full,unfreezetop1,0.0001,64,0.5,1.0,16,2,10,256,cosine,0.5
1.067163572473149,1.341218785343007,0.8886402039545845,0.8972243060765192,0.7111111111111111,0.56,0.8444444444444444,0.811965811965812,1.6815688942666525,0.8429406850459482,0.5625,0.8205128205128205,breast,ResNet50,ImageNet,ConvSkip,full,freezeall,0.0001,64,0.5,1.0,16,2,10,256,cosine,0.5
0.3560787396553235,1.3338372259058504,0.973364361307918,0.9306076519129782,0.8653846153846154,0.6923076923076923,0.9282051282051282,0.8632478632478633,1.5732468160299151,0.9348370927318296,0.6875,0.8717948717948718,breast,ResNet50,ImageNet,ConvSkip,full,unfreezetop2,0.0001,64,0.5,1.0,16,2,10,256,cosine,0.5
