loss,auc,f1,accuracy
0.6014518737792969,0.7790712714195251,0.6805555555555556,0.7777777777777778
