loss,auc,f1,accuracy
0.5995653867721558,0.8276020288467407,0.7071061243571762,0.7971014492753623
