loss,auc,f1,accuracy
0.5132502317428589,0.9533333778381348,0.8526315789473684,0.9
