loss,auc,f1,accuracy
0.5513883829116821,0.8330001831054688,0.7271884057971014,0.8115942028985508
