loss,auc,f1,accuracy
0.601962149143219,0.8127810955047607,0.6332552693208431,0.7428571428571429
