loss,auc,f1,accuracy
0.5689340233802795,0.8233025074005127,0.6996124031007752,0.7916666666666666
