loss,auc,f1,accuracy
0.6039921045303345,0.771601676940918,0.6011363636363636,0.71875
