loss,auc,f1,accuracy
0.5253769159317017,0.8479964733123779,0.8320346320346321,0.8857142857142857
