loss,auc,f1,accuracy
0.5897541046142578,0.7877343893051147,0.7438330170777988,0.8235294117647058
