loss,auc,f1,accuracy
0.5840495824813843,0.8266516923904419,0.7677735935182016,0.8405797101449275
