loss,auc,f1,accuracy
0.5868648290634155,0.7377802729606628,0.6162807630697539,0.7301587301587301
