loss,auc,f1,accuracy
0.6885005831718445,0.6929651498794556,0.6339552895616968,0.7307692307692307
